Date MM/DD/YYYY,Invoice Number,Company,Category,Product Details,Quantity,Amount / Unit,Tax Structure,Input Tax / Unit,Total Input Tax / Unit,Total Amount,Month of Sale,Date MM/DD/YYYY.1,Invoice Number.1,Company.1,Amount / Unit.1,Output Tax,Total Output Tax Collected,Total Amount.1,Profit / Invoice,Purchase Price,Input Tax,Total Incoming Price,Sell Price,Output Tax.1,Nett Selling Price,VAT
10-Apr-20,1006,Company A,Software,Microsoft Access 2019 Single OLP NL,1,9560,18,1720.8,1720.8,11280.8,20-May,5-May-20,HT002,Company 1,10750,1935,1935,12685,1190,9560,1720.8,11280.8,10750,1935,12685,214.2
19-Mar-20,192736,Company B,Printer,TVS LP â€“ 46 LITE Barcode Label Printer,1,10350,18,1863,1863,12213,3/20/2023,5-May-20,HT001,Company 2,12600,2268,2268,14868,2250,10350,1863,12213,12600,2268,14868,405
14-May-20,IKC/2020-21/6,Company C,Service,Laptop Service Job Code No. 795,1,1200,18,216,216,1416,20-May,28-May-20,HT005,Company 4,2500,450,450,2950,1300,1200,216,1416,2500,450,2950,234
15-May-20,20210041,Company B,Service,Paper Pickup Feeder Unit,1,1200,18,216,216,1416,20-May,30-May-20,HT006,Company 5,2500,450,450,2950,1300,1200,216,1416,2500,450,2950,234
15-May-20,,Company B,Service,Service,1,10936.1,18,0,0,0,5/20/2023,30-May-20,HT006,Company 5,2500,450,450,2950,2500,0,0,0,2500,450,2950,450
16-May-20,2020-21/JIS/0119,Company D,Laptop,Lenovo Legion Y540 Laptop 81Sy00CBIN,7,73500,18,13230,92610,607110,20-May,16-May-20,HT003,Company H,76900,13842,96894,635194,23800,514500,92610,607110,538300,96894,635194,4284
16-May-20,2020-21/JIS/0119,Company D,Carry Case,Lenovo BackPack B8270,7,2500,18,450,3150,20650,5/20/2023,16-May-20,HT003,Company H,3000,540,3780,24780,3500,17500,3150,20650,21000,3780,24780,630
16-May-20,2020-21/JIS/0121,Company D,Accessories,JBL Earphone T205,1,2100,18,378,378,2478,5/20/2023,16-May-20,HT003,Company H,12423.06454,0,0,0,-2100,2100,378,2478,0,0,0,-378
16-May-20,2020-21/JIS/0121,Company D,Accessories,Fingers BT Neckband Resonance,1,2000,18,360,360,2360,5/20/2023,16-May-20,HT003,Company H,12423.06454,0,0,0,-2000,2000,360,2360,0,0,0,-360
18-May-20,20210044,Company B,Service,HP Desktop 2676 Pickup Feeder Units,1,1200,18,216,216,1416,5/20/2023,3-Sep-20,HT031,Company 4,2500,450,450,2950,1300,1200,216,1416,2500,450,2950,234
13-May-20,ANU/20-21/020,Company E,Keyboard,Laptop Keyboard Lenovo,1,1550,18,279,279,1829,5/20/2023,27-Jun-20,HT017,Company 4,1850,333,333,2183,300,1550,279,1829,1850,333,2183,54
13-May-20,ANU/20-21/020,Company E,Panel laptop,Laptop Panel Lenovo,1,1800,18,324,324,2124,5/20/2023,27-Jun-20,HT017,Company 4,2250,405,405,2655,450,1800,324,2124,2250,405,2655,81
13-May-20,ANU/20-21/020,Company E,Accessories,Clining Kit,1,65,18,11.7,11.7,76.7,6/20/2023,3-Jun-20,HT008,Company H,100,18,18,118,35,65,11.7,76.7,100,18,118,6.3
13-May-20,ANU/20-21/020,Company E,Accessories,Spike Buster 5 Meters,1,175,18,31.5,31.5,206.5,6/20/2023,3-Jun-20,HT008,Company H,250,45,45,295,75,175,31.5,206.5,250,45,295,13.5
18-May-20,ANU/20-21/030,Company E,Battery,Laptop Battery for Dell,1,3050,18,549,549,3599,5/20/2023,28-May-20,HT005,Company 4,4500,810,810,5310,1450,3050,549,3599,4500,810,5310,261
23-May-20,2020-21/JIS/0227,Company D,Laptop,Lenovo Legion Y540 Laptop 81Sy00CBIN,5,73500,18,13230,66150,433650,5/20/2023,23-May-20,HT004,Company H,76900,13842,69210,453710,17000,367500,66150,433650,384500,69210,453710,3060
23-May-20,2020-21/JIS/0227,Company D,Carry Case,Lenovo BackPack B8270,5,2500,18,450,2250,14750,5/20/2023,23-May-20,HT004,Company H,3000,540,2700,17700,2500,12500,2250,14750,15000,2700,17700,450
30-May-20,IKC/2020-21/22,Company C,Service,Laptop Service Job Code No. 794,1,1800,18,324,324,2124,5/20/2023,28-May-20,HT005,Company 4,3500,630,630,4130,1700,1800,324,2124,3500,630,4130,306
30-May-20,IKC/2020-21/22,Company C,Storage,Hard Disk Drive 512 GB SSD,1,3800,18,684,684,4484,5/20/2023,28-May-20,HT005,Company 4,4500,810,810,5310,700,3800,684,4484,4500,810,5310,126
2-Jun-20,ANU/20-21/074,Company E,Processor,Intel Dual Core,2,650,18,117,234,1534,6/20/2023,3-Jun-20,HT007,Company 8,1500,270,540,3540,1700,1300,234,1534,3000,540,3540,306
2-Jun-20,ANU/20-21/074,Company E,Motherboard,Desktop MotherBoard Core 2 Duo,2,2050,18,369,738,4838,6/20/2023,3-Jun-20,HT007,Company 8,2500,450,900,5900,900,4100,738,4838,5000,900,5900,162
2-Jun-20,ANU/20-21/074,Company E,CPU FAN,CPU FAN,2,450,18,81,162,1062,6/20/2023,3-Jun-20,HT007,Company 8,1000,180,360,2360,1100,900,162,1062,2000,360,2360,198
2-Jun-20,ANU/20-21/074,Company E,Storage,Desktop Hard Disk Drive 500GB,2,1350,18,243,486,3186,6/20/2023,3-Jun-20,HT007,Company 8,2000,360,720,4720,1300,2700,486,3186,4000,720,4720,234
2-Jun-20,ANU/20-21/074,Company E,Memory,Desktop Memory Module 4GB DDR3,2,1400,18,252,504,3304,20-Jun,3-Jun-20,HT007,Company 8,1750,315,630,4130,700,2800,504,3304,3500,630,4130,126
2-Jun-20,ANU/20-21/074,Company E,DVD Writer,DVD Writer LG,2,850,18,153,306,2006,20-Jun,3-Jun-20,HT007,Company 8,1000,180,360,2360,300,1700,306,2006,2000,360,2360,54
2-Jun-20,ANU/20-21/074,Company E,Cabinet,ATX Cabinet ARTIS 207/208,2,1100,18,198,396,2596,6/20/2023,3-Jun-20,HT007,Company 8,1500,270,540,3540,800,2200,396,2596,3000,540,3540,144
2-Jun-20,ANU/20-21/074,Company E,Keyboard,Dell KeyBoard USB,2,500,18,90,180,1180,6/20/2023,3-Jun-20,HT007,Company 8,600,108,216,1416,200,1000,180,1180,1200,216,1416,36
2-Jun-20,ANU/20-21/074,Company E,Mouse,Dell USB Mouse,2,300,18,54,108,708,6/20/2023,3-Jun-20,HT007,Company 8,500,90,180,1180,400,600,108,708,1000,180,1180,72
2-Jun-20,ANU/20-21/074,Company E,Monitor,"HP 18.5"" LED Monitor",2,4100,18,738,1476,9676,6/20/2023,3-Jun-20,HT007,Company 8,4500,810,1620,10620,800,8200,1476,9676,9000,1620,10620,144
2-Jun-20,ANU/20-21/074,Company E,Connector,BAFO USB to HDMI Cable,2,750,18,135,270,1770,6/20/2023,3-Jun-20,HT007,Company 8,900,162,324,2124,300,1500,270,1770,1800,324,2124,54
3-Jun-20,20210096,Company B,Printer,Epson LC 310 Printer,2,7850,18,1413,2826,18526,6/20/2023,3-Jun-20,HT007,Company 8,8750,1575,3150,20650,1800,15700,2826,18526,17500,3150,20650,324
3-Jun-20,ANU/20-21/075,Company E,Desktop,Dell Optiplex 7070,1,54000,18,9720,9720,63720,6/20/2023,3-Jun-20,HT008,Company H,60000,10800,10800,70800,6000,54000,9720,63720,60000,10800,70800,1080
3-Jun-20,ANU/20-21/075,Company E,Memory,Desktop Memory Module 4GB DDR4,1,1850,18,333,333,2183,6/20/2023,3-Jun-20,HT008,Company H,2500,450,450,2950,650,1850,333,2183,2500,450,2950,117
3-Jun-20,ANU/20-21/075,Company E,Software,Microsoft Windows 10 Professional OEM,1,2500,18,450,450,2950,6/20/2023,3-Jun-20,HT008,Company H,6500,1170,1170,7670,4000,2500,450,2950,6500,1170,7670,720
3-Jun-20,ANU/20-21/075,Company E,Monitor,"Dell 22"" TFT Monitor",1,2750,18,495,495,3245,6/20/2023,3-Jun-20,HT008,Company H,6500,1170,1170,7670,3750,2750,495,3245,6500,1170,7670,675
12-Jun-20,ANU/20-21/0111,Company E,UPS,V-Guard UPS 600VA,1,2150,18,387,387,2537,6/20/2023,12-Jun-20,HT009,Company 5,2500,450,450,2950,350,2150,387,2537,2500,450,2950,63
12-Jun-20,1173,Company A,Software,Microsoft Office Orifessional Single OLN NL Academic License,75,4694,18,844.92,63369,415419,6/20/2023,18-Jun-20,HT010,Company 1,5832,1049.76,78732,516132,85350,352050,63369,415419,437400,78732,516132,15363
17-Jun-20,ANU/20-21/0126,Company E,UPS,Zebronics 1KVA UPS,1,3275,18,589.5,589.5,3864.5,6/20/2023,24-Jun-20,HT014,Company H,5500,990,990,6490,2225,3275,589.5,3864.5,5500,990,6490,400.5
17-Jun-20,ANU/20-21/0126,Company E,Mouse,Dell USB Mouse,1,250,18,45,45,295,6/20/2023,24-Jun-20,HT014,Company H,300,54,54,354,50,250,45,295,300,54,354,9
17-Jun-20,ANU/20-21/0126,Company E,Accessories,Celling Fan,1,1228.81,18,221.19,221.19,1450,6/20/2023,24-Jun-20,HT015,Company 12,1500,270,270,1770,271,1228.81,221.19,1450,1500,270,1770,48.81
18-Jun-20,2020-21/JIS/0563,Company D,Desktop,Dell Optiplex 3070,35,48000,18,8640,302400,1982400,6/20/2023,18-Jun-20,HT010,Company 1,55532,9995.76,349851.6,2293472,263620,1680000,302400,1982400,1943620,349851.6,2293472,47451.6
18-Jun-20,2020-21/JIS/0564,Company D,Desktop,Dell Optiplex 3070,40,48000,18,8640,345600,2265600,6/20/2023,18-Jun-20,HT010,Company 1,55532,9995.76,399830.4,2621110,301280,1920000,345600,2265600,2221280,399830.4,2621110,54230.4
18-Jun-20,CRN2020003,Company F,Service,Towards Installation and support - KSOU Mysore,75,13333.33,18,2400,180000,1180000,6/20/2023,18-Jun-20,HT010,Company 1,13500,2430,182250,1194750,12500,1000000,180000,1180000,1012500,182250,1194750,2250
23-Jun-20,ANU/20-21/0157,Company E,Software,Kaspersky Internet Security,1,325,18,58.5,58.5,383.5,6/20/2023,24-Jun-20,HT011,Company 5,700,126,126,826,375,325,58.5,383.5,700,126,826,67.5
23-Jun-20,ANU/20-21/0157,Company E,Storage,Seagate 2TB External Hard Disk Drive Expansion,1,4850,18,873,873,5723,6/20/2023,24-Jun-20,HT012,Company 13,5850,1053,1053,6903,1000,4850,873,5723,5850,1053,6903,180
23-Jun-20,ANU/20-21/0157,Company E,Cable,HDMI Cable 10 Meters,1,550,18,99,99,649,6/20/2023,24-Jun-20,HT013,Company 13,1550,279,279,1829,1000,550,99,649,1550,279,1829,180
26-Jun-20,ANU/20-21/0168,Company E,Printer,Epson L3150 AIO Printer,1,11200,18,2016,2016,13216,20-Jun,26-Jun-20,HT016,Company S,12288.14,2211.86,2211.86,14500,1088,11200,2016,13216,12288.14,2211.86,14500,195.86
26-Jun-20,ANU/20-21/0168,Company E,Accessories,DVI to HDMI Convertor,1,200,18,36,36,236,20-Jun,3-Jun-20,HT008,Company H,750,135,135,885,550,200,36,236,750,135,885,99
26-Jun-20,2020-21/FS/0062,Company B,Service,Printer Recondition,1,1675,18,301.5,301.5,1976.5,6/20/2023,27-Jun-20,HT018,Company 14,2600,468,468,3068,925,1675,301.5,1976.5,2600,468,3068,166.5
30-Jun-20,ANU/20-21/0177,Company E,Adapter,Wifi Adapter USB Zebronics,1,275,18,49.5,49.5,324.5,2/21/2023,2-Feb-21,HT077,Company 5,950,171,171,1121,675,275,49.5,324.5,950,171,1121,121.5
2-Jul-20,IKC/2020-21/42,Company C,Laptop,Lenovo Laptop X1 Carbon,2,32750,18,5895,11790,77290,9/20/2023,3-Sep-20,HT031,Company 4,52500,9450,18900,123900,39500,65500,11790,77290,105000,18900,123900,7110
2-Jul-20,IKC/2020-21/42,Company C,Accessories,Headphone & Camera,4,750,18,135,540,3540,8/20/2023,7-Aug-20,HT024,Company H,1500,270,1080,7080,3000,3000,540,3540,6000,1080,7080,540
2-Jul-20,IKC/2020-21/43,Company C,Service,Laptop Service Job Code 1332,1,1800,18,324,324,2124,20-Jul,11-Jul-20,HT019,Company 5,2750,495,495,3245,950,1800,324,2124,2750,495,3245,171
3-Jul-20,2020-21/FS/0071,Company B,Service,Printer Service HP Laserjet P1007,1,1200,18,216,216,1416,20-Sep,3-Sep-20,HT031,Company 4,2500,450,450,2950,1300,1200,216,1416,2500,450,2950,234
9-Jul-20,ANU/20-21/0223,Company E,Adapter,Wifi Adapter USB D-Link G USB DWA 131,1,590,18,106.2,106.2,696.2,20-Aug,7-Aug-20,HT024,Company H,1250,225,225,1475,660,590,106.2,696.2,1250,225,1475,118.8
13-Jul-20,ANU/20-21/0231,Company E,Cable,HDMI Cable 5 Meters,1,250,18,45,45,295,23-Jan,27-Jan-23,HT120,Company 17,300,54,54,354,50,250,45,295,300,54,354,9
22-Jul-20,ANU/20-21/0248,Company E,Monitor,"HP 18.5"" V194 Monitor",1,4405,18,792.9,792.9,5197.9,20-Jul,27-Jul-20,HT020,Company 18,5600,1008,1008,6608,1195,4405,792.9,5197.9,5600,1008,6608,215.1
22-Jul-20,ANU/20-21/0248,Company E,Adapter,Wifi Adapter USB Zebronics,1,360,18,64.8,64.8,424.8,23-Jan,27-Jan-23,HT119,Company 19,360.17,64.83,64.83,425,0,360,64.8,424.8,360.17,64.83,425,0.03
22-Jul-20,ANU/20-21/0248,Company E,Software,Kaspersky Internet Security,1,300,18,54,54,354,23-Jan,27-Jan-23,HT119,Company 19,300,54,54,354,0,300,54,354,300,54,354,0
24-Jul-20,20210251,Company B,Accessories,Fingertip Pulse Oximeter MD-A,1,1350,12,162,162,1512,23-Jan,27-Jan-23,HT119,Company 19,1350,162,162,1512,0,1350,162,1512,1350,162,1512,0
27-Jul-20,IKC/2020-21/54,Company C,Desktop,Acer eMachine EL1210 Athlon X2 4050e / 4GB/ 500GB,1,4000,18,720,720,4720,20-Jul,27-Jul-20,HT020,Company 18,6000,1080,1080,7080,2000,4000,720,4720,6000,1080,7080,360
29-Jul-20,2020-21/FS/0110,Company B,Service,Fuser Assembly HP P1006 Laserjet Printer,1,1150,18,207,207,1357,20-Jul,30-Jul-20,HT021,Company 5,2500,450,450,2950,1350,1150,207,1357,2500,450,2950,243
3-Aug-20,20210302,Company B,Printer,Epson LC 310 Printer,1,8100,18,1458,1458,9558,20-Aug,3-Aug-20,HT022,Company 8,8950,1611,1611,10561,850,8100,1458,9558,8950,1611,10561,153
4-Aug-20,ANU/20-21/0296,Company E,UPS,Luminius LB 600 Pro UPS,1,1875,18,337.5,337.5,2212.5,20-Aug,4-Aug-20,,Company 21,2000,360,360,2360,125,1875,337.5,2212.5,2000,360,2360,22.5
4-Aug-20,ANU/20-21/0296,Company E,Cable,Patch Cable 10 Meter,1,375,18,67.5,67.5,442.5,20-Aug,4-Aug-20,HT023,Company 20,500,90,90,590,125,375,67.5,442.5,500,90,590,22.5
4-Aug-20,ANU/20-21/0296,Company E,Cartridge,HP Cartridge 678,2,590,18,106.2,212.4,1392.4,20-Aug,4-Aug-20,,Company 21,695,125.1,250.2,1640.2,210,1180,212.4,1392.4,1390,250.2,1640.2,37.8
7-Aug-20,2020-21/JIS/1088,Company D,Laptop,Lenovo Legion 5-15MH05 82AU004QIN,3,75950,18,13671,41013,268863,20-Aug,7-Aug-20,HT024,Company H,80500,14490,43470,284970,13650,227850,41013,268863,241500,43470,284970,2457
7-Aug-20,2020-21/JIS/1088,Company D,Carry Case,Lenovo BackPack B8270,3,2550,18,459,1377,9027,20-Aug,7-Aug-20,HT024,Company H,3000,540,1620,10620,1350,7650,1377,9027,9000,1620,10620,243
10-Aug-20,BAN/2021/013,Company I,Headphone,Plantronics Voyager 4220,1,13200,18,2376,2376,15576,20-Aug,10-Aug-20,HT025,Company 22,13559.32,2440.68,2440.68,16000,359,13200,2376,15576,13559.32,2440.68,16000,64.68
14-Aug-20,ANU/20-21/0333,Company E,Toner,Toner Service,1,325,18,58.5,58.5,383.5,20-Aug,31-Aug-20,HT028,Company 23,1250,225,225,1475,925,325,58.5,383.5,1250,225,1475,166.5
25-Aug-20,IKC/2020-21/70,Company C,Laptop,Laptop Toshiba Z40,3,23000,18,4140,12420,81420,20-Sep,3-Sep-20,HT031,Company 4,42000,7560,22680,148680,57000,69000,12420,81420,126000,22680,148680,10260
25-Aug-20,1444,Company A,Software,Microsoft Office Home & Student 2019 English POSA,1,5100,18,918,918,6018,20-Aug,25-Aug-20,HT026,Company M,5500,990,990,6490,400,5100,918,6018,5500,990,6490,72
26-Aug-20,ANU/20-21/0379,Company E,Adapter,Adapter,1,135,18,24.3,24.3,159.3,20-Aug,28-Aug-20,HT027,Company H,168.65,30.36,30.36,199,34,135,24.3,159.3,168.65,30.36,199,6.06
26-Aug-20,ANU/20-21/0379,Company E,Adapter,Laptop Adapter USB,1,575,18,103.5,103.5,678.5,20-Aug,28-Aug-20,HT027,Company H,900,162,162,1062,325,575,103.5,678.5,900,162,1062,58.5
26-Aug-20,ANU/20-21/0379,Company E,Panel laptop,Laptop Panel Lenovo,1,1150,18,207,207,1357,20-Aug,28-Aug-20,HT027,Company H,1400,252,252,1652,250,1150,207,1357,1400,252,1652,45
26-Aug-20,ANU/20-21/0379,Company E,Keyboard,Laptop Keyboard Lenovo,1,775,18,139.5,139.5,914.5,20-Aug,28-Aug-20,HT027,Company H,1250,225,225,1475,475,775,139.5,914.5,1250,225,1475,85.5
28-Aug-20,ANU/20-21/0388,Company E,Laptop,Microsoft Surface Pro,1,83000,18,14940,14940,97940,20-Aug,28-Aug-20,HT027,Company H,84628.81,15233.19,15233.19,99862,1629,83000,14940,97940,84628.81,15233.19,99862,293.19
28-Aug-20,ANU/20-21/0388,Company E,Mobile,One Plus 8 8GB/128GB,1,38135.59,18,6864.41,6864.41,45000,20-Aug,28-Aug-20,HT027,Company H,38347.46,6902.54,6902.54,45250,212,38135.59,6864.41,45000,38347.46,6902.54,45250,38.14
29-Aug-20,ANU/20-21/0401,Company E,Keyboard,Lenovo Laptop Keyboard,1,1950,18,351,351,2301,20-Sep,3-Sep-20,HT031,Company 4,4500,810,810,5310,2550,1950,351,2301,4500,810,5310,459
29-Aug-20,ANU/20-21/0401,Company E,Keyboard,Dell Laptop KeyBoard,1,1050,18,189,189,1239,20-Sep,3-Sep-20,HT031,Company 4,4000,720,720,4720,2950,1050,189,1239,4000,720,4720,531
29-Aug-20,ANU/20-21/0401,Company E,Panel laptop,Compaq Panel,1,1700,18,306,306,2006,20-Aug,31-Aug-20,HT028,Company 23,3800,684,684,4484,2100,1700,306,2006,3800,684,4484,378
29-Aug-20,ANU/20-21/0401,Company E,Battery,Dell Laptop Original Battery 3460,1,2950,18,531,531,3481,20-Aug,31-Aug-20,HT029,Company 26,3650,657,657,4307,700,2950,531,3481,3650,657,4307,126
1-Sep-20,ANU/20-21/0406,Company E,Desktop,Dell Optiplex Desktop 7070,4,48750,18,8775,35100,230100,20-Sep,3-Sep-20,HT032,Company H,52750,9495,37980,248980,16000,195000,35100,230100,211000,37980,248980,2880
1-Sep-20,ANU/20-21/0406,Company E,Memory,Desktop Memory Module 16GB DDR4,4,4650,18,837,3348,21948,20-Sep,3-Sep-20,HT032,Company H,5950,1071,4284,28084,5200,18600,3348,21948,23800,4284,28084,936
1-Sep-20,ANU/20-21/0406,Company E,Software,Microsoft Windows Professional 10 OEM 64 BIT,4,3250,18,585,2340,15340,20-Sep,3-Sep-20,HT032,Company H,4500,810,3240,21240,5000,13000,2340,15340,18000,3240,21240,900
1-Sep-20,ANU/20-21/0406,Company E,Graphic Card,Graphic Card NVIDIA 2GB,4,3500,18,630,2520,16520,20-Sep,3-Sep-20,HT032,Company H,4700,846,3384,22184,4800,14000,2520,16520,18800,3384,22184,864
1-Sep-20,ANU/20-21/0406,Company E,Monitor,"Samsung 24""",4,7850,18,1413,5652,37052,20-Sep,3-Sep-20,HT032,Company H,9850,1773,7092,46492,8000,31400,5652,37052,39400,7092,46492,1440
1-Sep-20,ANU/20-21/0406,Company E,UPS,UPS Luminious Line Interactive LB1000 Pro,4,3685,18,663.3,2653.2,17393.2,20-Sep,3-Sep-20,HT032,Company H,4800,864,3456,22656,4460,14740,2653.2,17393.2,19200,3456,22656,802.8
1-Sep-20,ANU/20-21/0406,Company E,UPS,UPS Luminious LB600 Pro,4,1675,18,301.5,1206,7906,20-Sep,3-Sep-20,HT032,Company H,2500,450,1800,11800,3300,6700,1206,7906,10000,1800,11800,594
3-Sep-20,IKC/2020-21/77,Company C,Screen,Laptop Screen for Dell,1,4000,18,720,720,4720,20-Sep,3-Sep-20,HT030,Company 27,6000,1080,1080,7080,2000,4000,720,4720,6000,1080,7080,360
3-Sep-20,IKC/2020-21/77,Company C,Service,Repair Charges Job Code # 21037280,1,2500,18,450,450,2950,20-Sep,3-Sep-20,HT030,Company 27,3800,684,684,4484,1300,2500,450,2950,3800,684,4484,234
3-Sep-20,1488,Company A,Software,Microsoft Office Home & Student 2019 English Medialess FPP,4,5200,18,936,3744,24544,20-Sep,3-Sep-20,HT032,Company H,6050,1089,4356,28556,3400,20800,3744,24544,24200,4356,28556,612
3-Sep-20,ANU/20-21/0421,Company E,Laptop,Dell Inspiron Laptop 3593,4,33601.69,18,6048.3,24193.22,158600,20-Sep,4-Sep-20,HT033,Company H,36850,6633,26532,173932,12993,134406.8,24193.22,158600,147400,26532,173932,2338.78
3-Sep-20,ANU/20-21/0421,Company E,Carry Case,Laptop Carry Case,4,0.01,18,0,0.01,0.05,20-Sep,4-Sep-20,HT033,Company H,1000,180,720,4720,4000,0.04,0.01,0.05,4000,720,4720,719.99
3-Sep-20,ANU/20-21/0421,Company E,Memory,Laptop memory Module 8GB DDR4,1,2950,18,531,531,3481,20-Sep,4-Sep-20,HT033,Company H,3000,540,540,3540,50,2950,531,3481,3000,540,3540,9
4-Sep-20,ANU/20-21/0423,Company E,Memory,Laptop memory Module 8GB DDR4,3,2175,18,391.5,1174.5,7699.5,20-Sep,4-Sep-20,HT034,Company H,2550,459,1377,9027,1125,6525,1174.5,7699.5,7650,1377,9027,202.5
11-Sep-20,ANU/20-21/0463,Company E,Memory,Desktop memory module 8GB DDR3,1,2175,18,391.5,391.5,2566.5,20-Sep,11-Sep-20,HT036,Company 5,3550,639,639,4189,1375,2175,391.5,2566.5,3550,639,4189,247.5
11-Sep-20,ANU/20-21/0463,Company E,Laptop,HP NoteBook 15S-DU2060TX,1,37923.73,18,6826.27,6826.27,44750,20-Sep,11-Sep-20,HT037,Company H,38500,6930,6930,45430,576,37923.73,6826.27,44750,38500,6930,45430,103.73
11-Sep-20,ANU/20-21/0463,Company E,Carry Case,Laptop Carry Case,1,0.01,18,0,0,0.01,20-Sep,11-Sep-20,HT037,Company H,700,126,126,826,700,0.01,0,0.01,700,126,826,126
11-Sep-20,ANU/20-21/0463,Company E,Memory,Laptop Memory Module 4Gb DDR4,1,1375,18,247.5,247.5,1622.5,20-Sep,11-Sep-20,HT037,Company H,1500,270,270,1770,125,1375,247.5,1622.5,1500,270,1770,22.5
14-Sep-20,ANU/20-21/0471,Company E,Toner,Toner Service,1,300,18,54,54,354,20-Sep,9-Sep-20,HT035,Company 23,1500,270,270,1770,1200,300,54,354,1500,270,1770,216
14-Sep-20,ANU/20-21/0471,Company E,Software,Kaspersky Internet Security,6,275,18,49.5,297,1947,20-Sep,11-Sep-20,HT036,Company 5,700,126,756,4956,2550,1650,297,1947,4200,756,4956,459
14-Sep-20,ANU/20-21/0471,Company E,Printer,Canon Printer G3010,1,10600,18,1908,1908,12508,23-Jan,24-Jan-23,Ht117,Company 28,11000,1980,1980,12980,400,10600,1908,12508,11000,1980,12980,72
14-Sep-20,ANU/20-21/0471,Company E,FAN,CPU Fan,1,250,18,45,45,295,23-Jan,27-Jan-23,HT119,Company 19,250,45,45,295,0,250,45,295,250,45,295,0
14-Sep-20,ANU/20-21/0471,Company E,Memory,Laptop memory Module 8GB DDR4,1,2150,18,387,387,2537,23-Jan,27-Jan-23,HT120,Company 17,2200,396,396,2596,50,2150,387,2537,2200,396,2596,9
23-Sep-20,2020-21/FS/00240,Company B,Printer,Samsung Printer,1,1200,18,216,216,1416,23-Jan,27-Jan-23,HT119,Company 19,1200,216,216,1416,0,1200,216,1416,1200,216,1416,0
19-Sep-20,ANU/20-21/0493,Company E,Laptop,Dell Inspiron Laptop 3593,5,33305.08,18,5994.91,29974.57,196500,20-Sep,21-Sep-20,HT038,Company H,36580,6584.4,32922,215822,16375,166525.4,29974.57,196500,182900,32922,215822,2947.43
19-Sep-20,ANU/20-21/0493,Company E,Carry Case,Laptop Carry Case,5,0.01,18,0,0.01,0.06,20-Sep,21-Sep-20,HT038,Company H,700,126,630,4130,3500,0.05,0.01,0.06,3500,630,4130,629.99
19-Sep-20,ANU/20-21/0493,Company E,Memory,Laptop memory Module 8GB DDR4,2,2150,18,387,774,5074,20-Sep,21-Sep-20,HT038,Company H,2550,459,918,6018,800,4300,774,5074,5100,918,6018,144
19-Sep-20,ANU/20-21/0493,Company E,Memory,Laptop memory Module 8GB DDR4,1,1325,18,238.5,238.5,1563.5,20-Sep,21-Sep-20,HT038,Company H,1500,270,270,1770,175,1325,238.5,1563.5,1500,270,1770,31.5
19-Sep-20,ANU/20-21/0493,Company E,UPS,UPS Luminious LB600 Pro,1,1750,18,315,315,2065,23-Jan,27-Jan-23,HT119,Company 19,1750,315,315,2065,0,1750,315,2065,1750,315,2065,0
19-Sep-20,ANU/20-21/0493,Company E,Accessories,USB Sound Card,1,110,18,19.8,19.8,129.8,23-Jan,27-Jan-23,HT119,Company 19,110.17,19.83,19.83,130,0,110,19.8,129.8,110.17,19.83,130,0.03
19-Sep-20,ANU/20-21/0495,Company E,Laptop,Apple MacBook AIR,1,70169.49,18,12630.51,12630.51,82800,20-Sep,21-Sep-20,HT039,Company H,73389.83,13210.17,13210.17,86600,3220,70169.49,12630.51,82800,73389.83,13210.17,86600,579.66
19-Sep-20,ANU/20-21/0496,Company E,Projector,Epson Projector HTW-650,1,42200,28,11816,11816,54016,20-Sep,21-Sep-20,HT040,Company H,46100,12908,12908,59008,3900,42200,11816,54016,46100,12908,59008,1092
19-Sep-20,ANU/20-21/0496,Company E,Screen,Projector Screen 5x7 Tripod With ScreenTARGET,1,2838.98,18,511.02,511.02,3350,20-Sep,21-Sep-20,HT040,Company H,6398.31,1151.69,1151.69,7550,3559,2838.98,511.02,3350,6398.31,1151.69,7550,640.68
19-Sep-20,ANU/20-21/0496,Company E,Cable,HDMI Cable,1,450,18,81,81,531,20-Sep,21-Sep-20,HT040,Company H,1400,252,252,1652,950,450,81,531,1400,252,1652,171
29-Sep-20,2.40E+09,Company K,Mattress,EMMA Micro Fibre Pillow,2,472.38,18,85.03,170.06,1114.81,23-Jan,27-Jan-23,HT119,Company 19,475,85.5,171,1121,5,944.75,170.06,1114.81,950,171,1121,0.94
30-Sep-20,ANU/20-21/0524,Company E,Laptop,Dell Vostro Laptop Core i5,5,41822.03,18,7527.97,37639.83,246750,20-Oct,1-Oct-20,HT041,Company H,43644.07,7855.93,39279.66,257500,9110,209110.2,37639.83,246750,218220.3,39279.66,257500,1639.83
30-Sep-20,ANU/20-21/0524,Company E,Carry Case,Laptop Carry Case,5,0.01,18,0,0.01,0.06,20-Oct,1-Oct-20,HT041,Company H,847.46,152.54,762.71,5000,4237,0.05,0.01,0.06,4237.29,762.71,5000,762.7
30-Sep-20,ANU/20-21/0524,Company E,Mouse,Dell Wireless Mouse,5,1,18,0.18,0.9,5.9,20-Oct,1-Oct-20,HT041,Company H,635.59,114.41,572.03,3750,3173,5,0.9,5.9,3177.97,572.03,3750,571.13
1-Oct-20,ANU/20-21/0527,Company E,UPS,UPS Luminious LB600 Pro,1,1750,18,315,315,2065,20-Oct,9-Oct-20,HT044,Company 29,2000,360,360,2360,250,1750,315,2065,2000,360,2360,45
1-Oct-20,ANU/20-21/0527,Company E,Cable,Difference Amount of laptop,1,2500,18,450,450,2950,20-Oct,1-Oct-20,HT041,Company H,12423.06454,0,0,0,-2500,2500,450,2950,0,0,0,-450
1-Oct-20,ANU/20-21/0527,Company E,Battery,CMOS Battery,1,15,18,2.7,2.7,17.7,23-Jan,27-Jan-23,HT120,Company 17,16,2.88,2.88,18.88,1,15,2.7,17.7,16,2.88,18.88,0.18
1-Oct-20,ANU/20-21/0527,Company E,Pad,Mouse Pad,1,25,18,4.5,4.5,29.5,23-Jan,27-Jan-23,HT120,Company 17,26,4.68,4.68,30.68,1,25,4.5,29.5,26,4.68,30.68,0.18
6-Oct-20,ANU/20-21/0550,Company E,UPS,UPS Luminious LB600 Pro,3,1740,18,313.2,939.6,6159.6,20-Oct,6-Oct-20,HT042,Company 5,2500,450,1350,8850,2280,5220,939.6,6159.6,7500,1350,8850,410.4
6-Oct-20,ANU/20-21/0550,Company E,Adapter,Dell Laptop Adapter Original 45W,1,900,18,162,162,1062,20-Dec,23-Dec-20,HT058,Company 4,1500,270,270,1770,600,900,162,1062,1500,270,1770,108
6-Oct-20,ANU/20-21/0553,Company E,Motherboard,Desktop MotherBoard Gigabyte,1,4350,18,783,783,5133,20-Oct,6-Oct-20,HT043,Company 5,5500,990,990,6490,1150,4350,783,5133,5500,990,6490,207
6-Oct-20,ANU/20-21/0553,Company E,Cabinet,CPU Fan,1,275,18,49.5,49.5,324.5,20-Oct,6-Oct-20,HT043,Company 5,500,90,90,590,225,275,49.5,324.5,500,90,590,40.5
6-Oct-20,ANU/20-21/0553,Company E,CPU FAN,Zebronics Cabinet,1,1250,18,225,225,1475,20-Oct,6-Oct-20,HT043,Company 5,2250,405,405,2655,1000,1250,225,1475,2250,405,2655,180
15-Oct-20,ANU/20-21/0585,Company E,Keyboard,Laptop Lenovo X240 KeyBoard,1,1825,18,328.5,328.5,2153.5,21-Sep,4-Sep-21,HT038,Company 31,1906.78,343.22,343.22,2250,82,1825,328.5,2153.5,1906.78,343.22,2250,14.72
15-Oct-20,ANU/20-21/0585,Company E,CPU FAN,Dell Wireless Mouse,1,590,18,106.2,106.2,696.2,21-Sep,4-Sep-21,HT038,Company 31,592.22,106.6,106.6,698.82,2,590,106.2,696.2,592.22,106.6,698.82,0.4
26-Oct-20,2.02E+08,Company M,Storage,QNAP TS451 + 4BAY NAS,1,53888,18,9699.84,9699.84,63587.84,20-Nov,4-Nov-20,HT046,Company H,56500,10170,10170,66670,2612,53888,9699.84,63587.84,56500,10170,66670,470.16
26-Oct-20,2.02E+08,Company M,Storage,Toshiba 8TB Enterprise Hard Disk,4,18696,18,3365.28,13461.12,88245.12,20-Nov,4-Nov-20,HT046,Company H,19500,3510,14040,92040,3216,74784,13461.12,88245.12,78000,14040,92040,578.88
27-Oct-20,IKC/2020-21/127,Company C,Service,Dell Laptop Repair Job Code # 2866,1,2400,18,432,432,2832,20-Dec,23-Dec-20,HT058,Company 4,3500,630,630,4130,1100,2400,432,2832,3500,630,4130,198
28-Oct-20,1663,Company A,Software,Quick Heal Total Security Reg - 3 User,1,2000,18,360,360,2360,20-Oct,28-Oct-20,HT045,Company 13,3000,540,540,3540,1000,2000,360,2360,3000,540,3540,180
4-Nov-20,ANU/20-21/0635,Company E,Networking,Netgear Switch 5 Port,1,1350,18,243,243,1593,20-Nov,4-Nov-20,HT046,Company H,1500,270,270,1770,150,1350,243,1593,1500,270,1770,27
9-Nov-20,IKC/2020-21/135,Company C,Screen,Sony Laptop Screen,1,3305.08,18,594.91,594.91,3899.99,20-Nov,4-Nov-20,HT046,Company H,3500,630,630,4130,195,3305.08,594.91,3899.99,3500,630,4130,35.09
9-Nov-20,IKC/2020-21/135,Company C,Service,Repair Charges Job Code # 3085,1,932.2,18,167.8,167.8,1100,20-Nov,4-Nov-20,HT046,Company H,1000,180,180,1180,68,932.2,167.8,1100,1000,180,1180,12.2
19-Nov-20,ANU/20-21/0677,Company E,Software,Kaspersky Internet Security,3,216.67,18,39,117,767,20-Nov,20-Nov-20,HT047,Company 5,700,126,378,2478,1450,650,117,767,2100,378,2478,261
19-Nov-20,ANU/20-21/0677,Company E,Accessories,Laptop Cooling Fan,1,650,18,117,117,767,21-Sep,4-Sep-21,HT038,Company 34,677.97,122.03,122.03,800,28,650,117,767,677.97,122.03,800,5.03
19-Nov-20,ANU/20-21/0677,Company E,Mouse,Dell Wireless Mouse,1,550,18,99,99,649,21-Sep,4-Sep-21,HT038,Company 34,592.22,106.6,106.6,698.82,42,550,99,649,592.22,106.6,698.82,7.6
19-Nov-20,ANU/20-21/0677,Company E,Cable,HDMI Cable 10 Meters,1,650,18,117,117,767,20-Nov,20-Nov-20,HT048,Company H,950,171,171,1121,300,650,117,767,950,171,1121,54
19-Nov-20,ANU/20-21/0677,Company E,Accessories,USB Blue Tooth Dongle,1,125,18,22.5,22.5,147.5,20-Nov,20-Nov-20,HT048,Company H,500,90,90,590,375,125,22.5,147.5,500,90,590,67.5
19-Nov-20,ANU/20-21/0677,Company E,Accessories,WORLD PLUG,2,125,18,22.5,45,295,20-Nov,20-Nov-20,HT048,Company H,200,36,72,472,150,250,45,295,400,72,472,27
24-Nov-20,ANU/20-21/0690,Company E,Laptop,Dell Latitude 3410 Laptop,1,56947,18,10250.46,10250.46,67197.46,20-Nov,27-Nov-20,HT049,Company 27,62500,11250,11250,73750,5553,56947,10250.46,67197.46,62500,11250,73750,999.54
24-Nov-20,ANU/20-21/0690,Company E,Software,Microsoft Office Home & Student 2019 English POSA,1,5200,18,936,936,6136,20-Nov,27-Nov-20,HT049,Company 27,5500,990,990,6490,300,5200,936,6136,5500,990,6490,54
24-Nov-20,ANU/20-21/0690,Company E,Software,Kaspersky Internet Security,1,650,18,117,117,767,20-Dec,3-Dec-20,HT053,Company 5,2100,378,378,2478,1450,650,117,767,2100,378,2478,261
24-Nov-20,ANU/20-21/0690,Company E,Battery,Laptop Battery for Inspiron 15 3542,1,1450,18,261,261,1711,20-Dec,3-Dec-20,HT053,Company 5,3200,576,576,3776,1750,1450,261,1711,3200,576,3776,315
24-Nov-20,ANU/20-21/0690,Company E,Battery,Laptop Battery for Dell Vostro 3559,1,2600,18,468,468,3068,20-Nov,27-Nov-20,HT050,Company 35,3271.19,588.81,588.81,3860,671,2600,468,3068,3271.19,588.81,3860,120.81
26-Nov-20,2020-21/FS/00386,Company B,Service,Paper Pickup Feeder Unit,1,1600,18,288,288,1888,20-Dec,3-Dec-20,HT053,Company 5,2500,450,450,2950,900,1600,288,1888,2500,450,2950,162
27-Nov-20,ANU/20-21/0703,Company E,Software,Kaspersky Internet Security,1,650,18,117,117,767,20-Dec,3-Dec-20,HT053,Company 5,2800,504,504,3304,2150,650,117,767,2800,504,3304,387
30-Nov-20,1781,Company A,Software,Microsoft Windows Professional 10 Single OLP NL Legalisation,5,10578,18,1904.04,9520.2,62410.2,20-Dec,1-Dec-20,HT051,Company 36,10683,1922.94,9614.7,63029.7,525,52890,9520.2,62410.2,53415,9614.7,63029.7,94.5
30-Nov-20,1781,Company A,Software,Microsoft Office Professional Plus Single OLP NL Academic,5,4694,18,844.92,4224.6,27694.6,20-Dec,1-Dec-20,HT051,Company 36,4741,853.38,4266.9,27971.9,235,23470,4224.6,27694.6,23705,4266.9,27971.9,42.3
30-Nov-20,1780,Company A,Software,Microsoft Windows Professional 10 Single OLP NL Legalisation,5,10578,18,1904.04,9520.2,62410.2,20-Dec,1-Dec-20,HT052,Company 36,10683,1922.94,9614.7,63029.7,525,52890,9520.2,62410.2,53415,9614.7,63029.7,94.5
30-Nov-20,1780,Company A,Software,Microsoft Office Professional Plus Single OLP NL Academic,5,4694,18,844.92,4224.6,27694.6,20-Dec,1-Dec-20,HT052,Company 36,4741,853.38,4266.9,27971.9,235,23470,4224.6,27694.6,23705,4266.9,27971.9,42.3
1-Dec-20,ANU/20-21/0718,Company E,Speaker,Iball Speaker,15,550,18,99,1485,9735,21-Jan,6-Jan-21,HT064,Company H,620,111.6,1674,10974,1050,8250,1485,9735,9300,1674,10974,189
1-Dec-20,ANU/20-21/0718,Company E,Adapter,Battey Charges - Adapter,2,250,18,45,90,590,21-Jan,6-Jan-21,HT064,Company H,300,54,108,708,100,500,90,590,600,108,708,18
1-Dec-20,ANU/20-21/0718,Company E,Adapter,Battery,5,125,18,22.5,112.5,737.5,21-Jan,6-Jan-21,HT064,Company H,150,27,135,885,125,625,112.5,737.5,750,135,885,22.5
1-Dec-20,ANU/20-21/0718,Company E,Toner,Toner Service,2,350,18,63,126,826,20-Dec,7-Dec-20,HT054,Company 23,750,135,270,1770,800,700,126,826,1500,270,1770,144
1-Dec-20,ANU/20-21/0718,Company E,Accessories,Taparia Screw Driver,5,250,18,45,225,1475,21-Jan,6-Jan-21,HT064,Company H,275,49.5,247.5,1622.5,125,1250,225,1475,1375,247.5,1622.5,22.5
3-Dec-20,IKC/2020-21/154,Company C,Service,Repair Charges Job Code # 3388 Dell Inspiron 15,1,2200,18,396,396,2596,20-Dec,3-Dec-20,HT053,Company 5,3200,576,576,3776,1000,2200,396,2596,3200,576,3776,180
4-Dec-20,20210626,Company B,Keyboard,TVS Gold Keyboard,1,1625,18,292.5,292.5,1917.5,20-Dec,3-Dec-20,HT053,Company 5,2330,419.4,419.4,2749.4,705,1625,292.5,1917.5,2330,419.4,2749.4,126.9
4-Dec-20,ANU/20-21/0731,Company E,Storage,Laptop Hard Disk Drive 500 GB,1,1550,18,279,279,1829,20-Dec,24-Dec-20,HT059,Company H,2550,459,459,3009,1000,1550,279,1829,2550,459,3009,180
7-Dec-20,1812,Company A,Software,Microsoft Windows 10 Professional OEM,1,9200,18,1656,1656,10856,20-Dec,18-Dec-20,HT056,Company 20,10500,1890,1890,12390,1300,9200,1656,10856,10500,1890,12390,234
10-Dec-20,ANU/20-21/0758,Company E,Speaker,Logitech Speaker Z110,1,850,18,153,153,1003,20-Dec,24-Dec-20,HT059,Company H,900,162,162,1062,50,850,153,1003,900,162,1062,9
10-Dec-20,ANU/20-21/0758,Company E,Keyboard,Dell KeyBoard USB,1,390,18,70.2,70.2,460.2,21-Jan,18-Jan-21,HT068,Company 37,402.54,72.46,72.46,475,13,390,70.2,460.2,402.54,72.46,475,2.26
9-Dec-20,20210637,Company B,Scanner,Barcode Scanner C101 STAR,10,1810,18,325.8,3258,21358,20-Dec,10-Dec-20,HT055,Company 2,2250,405,4050,26550,4400,18100,3258,21358,22500,4050,26550,792
10-Dec-20,NR/20-21/1317,Company N,Mic,UTP 30 Ahuja PA Microphone,1,1017,18,183.06,183.06,1200.06,20-Dec,24-Dec-20,HT059,Company H,1017,183.06,183.06,1200.06,0,1017,183.06,1200.06,1017,183.06,1200.06,0
12-Dec-20,DL-1484454025-2021,Company O,Water Filter,"Dr. Aquaguard Nrich HD UV Water Purifier with Active Copper Maxx, Mineral Guard Technology (Black)",1,11864.41,18,2135.59,2135.59,14000,20-Dec,22-Dec-20,HT057,Company 13,15200,2736,2736,17936,3336,11864.41,2135.59,14000,15200,2736,17936,600.41
12-Dec-20,MH-868170435-2021,Company P,Dryer,Philips Thermoprotech 2100 W Hair Dryer 220 Volt,1,3220.34,18,579.66,579.66,3800,20-Dec,22-Dec-20,HT057,Company 13,4500,810,810,5310,1280,3220.34,579.66,3800,4500,810,5310,230.34
18-Dec-20,ANU/20-21/0790,Company E,Processor,AMD Ryzen 3950X CPU,1,55500,18,9990,9990,65490,20-Dec,18-Dec-20,HT056,Company 20,59500,10710,10710,70210,4000,55500,9990,65490,59500,10710,70210,720
18-Dec-20,ANU/20-21/0790,Company E,Memory,HyperX 32 GB DDR4 3200 MHz Module,4,9200,18,1656,6624,43424,20-Dec,18-Dec-20,HT056,Company 20,11200,2016,8064,52864,8000,36800,6624,43424,44800,8064,52864,1440
18-Dec-20,ANU/20-21/0790,Company E,Motherboard,MSI MPG X570 Gaming Edge Wifi,1,17150,18,3087,3087,20237,20-Dec,18-Dec-20,HT056,Company 20,19850,3573,3573,23423,2700,17150,3087,20237,19850,3573,23423,486
18-Dec-20,ANU/20-21/0790,Company E,Graphic Card,Gigabtye GeForce RTX 2080 Super Gaming OC 8G,1,51250,18,9225,9225,60475,20-Dec,18-Dec-20,HT056,Company 20,54000,9720,9720,63720,2750,51250,9225,60475,54000,9720,63720,495
18-Dec-20,ANU/20-21/0790,Company E,Storage,"860 QVO 4TB SATA 2.5"" SSD",1,30000,18,5400,5400,35400,20-Dec,18-Dec-20,HT056,Company 20,32000,5760,5760,37760,2000,30000,5400,35400,32000,5760,37760,360
18-Dec-20,ANU/20-21/0790,Company E,Storage,Seagate 6TB Internal HDD,1,11150,18,2007,2007,13157,20-Dec,18-Dec-20,HT056,Company 20,12500,2250,2250,14750,1350,11150,2007,13157,12500,2250,14750,243
18-Dec-20,ANU/20-21/0790,Company E,Cabinet,Corsair 4000X,1,9250,18,1665,1665,10915,20-Dec,18-Dec-20,HT056,Company 20,10750,1935,1935,12685,1500,9250,1665,10915,10750,1935,12685,270
18-Dec-20,ANU/20-21/0790,Company E,SMPS,Cooler Master 750W Brownz,1,5500,18,990,990,6490,20-Dec,18-Dec-20,HT056,Company 20,6750,1215,1215,7965,1250,5500,990,6490,6750,1215,7965,225
18-Dec-20,ANU/20-21/0790,Company E,CPU FAN,Carsair H45,1,3700,18,666,666,4366,20-Dec,18-Dec-20,HT056,Company 20,4750,855,855,5605,1050,3700,666,4366,4750,855,5605,189
18-Dec-20,ANU/20-21/0790,Company E,Display,AOC 27 Inch C27V1Q,1,12880,18,2318.4,2318.4,15198.4,20-Dec,18-Dec-20,HT056,Company 20,17800,3204,3204,21004,4920,12880,2318.4,15198.4,17800,3204,21004,885.6
18-Dec-20,ANU/20-21/0790,Company E,Wireless Keyboard & Mouse,Logitech Wireless MK275 Combo,1,1300,18,234,234,1534,20-Dec,18-Dec-20,HT056,Company 20,1600,288,288,1888,300,1300,234,1534,1600,288,1888,54
19-Dec-20,ANU/20-21/0798,Company E,Software,Microsoft Windows Professional 10 OEM 64 BIT,1,3000,18,540,540,3540,20-Dec,30-Dec-20,HT060,Company 5,3000,540,540,3540,0,3000,540,3540,3000,540,3540,0
19-Dec-20,ANU/20-21/0798,Company E,Service,Laptop Service MAC,1,1700,18,306,306,2006,20-Dec,30-Dec-20,HT060,Company 5,1750,315,315,2065,50,1700,306,2006,1750,315,2065,9
19-Dec-20,ANU/20-21/0803,Company E,Accessories,Laptop Casing,1,375,18,67.5,67.5,442.5,21-Jan,29-Jan-21,HT074,Company 10,450,81,81,531,75,375,67.5,442.5,450,81,531,13.5
19-Dec-20,ANU/20-21/0803,Company E,Accessories,Desktop Casing,1,650,18.14815,0,0,650,20-Dec,30-Dec-20,HT060,Company 5,1025,184.5,184.5,1209.5,375,650,0,650,1025,184.5,1209.5,184.5
28-Dec-20,ANU/20-21/0822,Company E,Software,Kaspersky Internet Security,2,275,18,49.5,99,649,20-Dec,30-Dec-20,HT060,Company 5,300,54,108,708,50,550,99,649,600,108,708,9
28-Dec-20,ANU/20-21/0822,Company E,Battery,CMOS Battery,1,15,18,2.7,2.7,17.7,20-Dec,30-Dec-20,HT060,Company 5,25,4.5,4.5,29.5,10,15,2.7,17.7,25,4.5,29.5,1.8
28-Dec-20,ANU/20-21/0822,Company E,Software,Quick Heal AntiVirus Server - 1 User,1,975,18,175.5,175.5,1150.5,20-Dec,30-Dec-20,HT060,Company 5,2925,526.5,526.5,3451.5,1950,975,175.5,1150.5,2925,526.5,3451.5,351
28-Dec-20,ANU/20-21/0822,Company E,Keyboard,Dell KeyBoard USB,1,385,18,69.3,69.3,454.3,21-Sep,4-Sep-21,HT038,Company 38,425.73,76.63,76.63,502.36,41,385,69.3,454.3,425.73,76.63,502.36,7.33
29-Dec-20,ANU/20-21/0830,Company E,Laptop,HP Mobile Workstation ZB17 9AP68PA,1,271880,18,48938.4,48938.4,320818.4,21-Jan,1-Jan-21,HT062,Company 20,292800,52704,52704,345504,20920,271880,48938.4,320818.4,292800,52704,345504,3765.6
29-Dec-20,ANU/20-21/0830,Company E,Mouse,Dell Wireless Mouse,1,0.01,18,0,0,0.01,21-Jan,28-Jan-21,HT073,Company 23,762.71,137.29,137.29,900,763,0.01,0,0.01,762.71,137.29,900,137.29
29-Dec-20,ANU/20-21/0830,Company E,Laptop,Dell Inspiron Laptop 3593,1,43049,18,7748.82,7748.82,50797.82,21-Jan,1-Jan-21,HT061,Company 12,46655.78,8398.04,8398.04,55053.82,3607,43049,7748.82,50797.82,46655.78,8398.04,55053.82,649.22
29-Dec-20,ANU/20-21/0830,Company E,Carry Case,Laptop Carry Case,1,1,18,0.18,0.18,1.18,21-Jan,1-Jan-21,HT061,Company 12,1,0.18,0.18,1.18,0,1,0.18,1.18,1,0.18,1.18,0
29-Dec-20,ANU/20-21/0830,Company E,Software,Kaspersky Internet Security,1,275,18,49.5,49.5,324.5,21-Jan,1-Jan-21,HT061,Company 12,650,117,117,767,375,275,49.5,324.5,650,117,767,67.5
31-Dec-20,IKC/2020-21/182,Company C,Service,Repair Charges Job Code # 3764 HP Laptop Hinges Repair & Speaker,1,2400,18,432,432,2832,21-Jan,1-Jan-21,HT061,Company 12,3200,576,576,3776,800,2400,432,2832,3200,576,3776,144
1-Jan-21,ANU/20-21/0846,Company E,Keyboard,Lenovo G50 70 Laptop KeyBoard,1,625,18,112.5,112.5,737.5,21-Jan,1-Jan-21,HT063,Company 12,1500,270,270,1770,875,625,112.5,737.5,1500,270,1770,157.5
1-Jan-21,ANU/20-21/0846,Company E,SMPS,Mercury 450W SMPS,1,850,18,153,153,1003,21-Jan,7-Jan-21,HT065,Company 39,1500,270,270,1770,650,850,153,1003,1500,270,1770,117
1-Jan-21,ANU/20-21/0846,Company E,Software,Kaspersky Internet Security,2,275,18,49.5,99,649,21-Feb,2-Feb-21,HT077,Company 5,700,126,252,1652,850,550,99,649,1400,252,1652,153
1-Jan-21,ANU/20-21/0846,Company E,Service,Harohalli,1,10936.1,18,0,0,0,21-Feb,2-Feb-21,HT077,Company 5,2500,450,450,2950,2500,0,0,0,2500,450,2950,450
6-Jan-21,ANU/20-21/0857,Company E,Keyboard,Laptop KeyBoard Emachine,1,650,18,117,117,767,21-Jan,6-Jan-21,HT064,Company H,700,126,126,826,50,650,117,767,700,126,826,9
6-Jan-21,ANU/20-21/0857,Company E,Mouse Pad,Logitech Mouse Pad,50,50,18,9,450,2950,21-Mar,11-Mar-21,HT098,Company H,50,9,450,2950,0,2500,450,2950,2500,450,2950,0
13-Jan-21,1968,Company A,Software,Microsoft Windows 10 Professional OEM,2,9000,18,1620,3240,21240,21-Feb,8-Feb-21,HT079,Company 20,11550,2079,4158,27258,5100,18000,3240,21240,23100,4158,27258,918
13-Jan-21,ANU/20-21/0891,Company E,Laptop,Dell Inspiron Laptop 3501,1,44447.97,18,8000.63,8000.63,52448.6,21-Jan,14-Jan-21,HT066,Company 40,46396.61,8351.39,8351.39,54748,1949,44447.97,8000.63,52448.6,46396.61,8351.39,54748,350.76
13-Jan-21,ANU/20-21/0891,Company E,Carry Case,Laptop Carry Case,1,1,18,0.18,0.18,1.18,21-Jan,14-Jan-21,HT066,Company 40,1.69,0.31,0.31,2,1,1,0.18,1.18,1.69,0.31,2,0.13
13-Jan-21,ANU/20-21/0891,Company E,Software,Kaspersky Internet Security,1,325,18,58.5,58.5,383.5,21-Feb,2-Feb-21,HT077,Company 5,700,126,126,826,375,325,58.5,383.5,700,126,826,67.5
13-Jan-21,2.02E+08,Company M,Tablet,"WACOM Pen Display 21.5"" -DTK-2241/G0-FX",1,74067.8,18,13332.2,13332.2,87400,21-Jan,15-Jan-21,HT067,Company 20,93220.34,16779.66,16779.66,110000,19153,74067.8,13332.2,87400,93220.34,16779.66,110000,3447.46
15-Jan-21,ANU/20-21/0893,Company E,Memory,Memory Module 32GB DDR4 Laptop RAM 2666 MHz Kingston,2,10100,18,1818,3636,23836,21-Jan,18-Jan-21,HT069,Company 20,15200,2736,5472,35872,10200,20200,3636,23836,30400,5472,35872,1836
15-Jan-21,ANU/20-21/0893,Company E,Networking,TP Link16 Port Gigabyte,1,2900,18,522,522,3422,21-Jan,25-Jan-21,HT070,Company 20,1,0.18,0.18,1.18,-2899,2900,522,3422,1,0.18,1.18,-521.82
18-Jan-21,ANU/20-21/0902,Company E,Processor,AMD Ryzen 3950X CPU,2,54500,18,9810,19620,128620,21-Feb,8-Feb-21,HT079,Company 20,59500,10710,21420,140420,10000,109000,19620,128620,119000,21420,140420,1800
18-Jan-21,ANU/20-21/0902,Company E,Memory,HyperX 32 GB DDR4 3200 MHz Module,8,10250,18,1845,14760,96760,21-Feb,8-Feb-21,HT079,Company 20,11200,2016,16128,105728,7600,82000,14760,96760,89600,16128,105728,1368
18-Jan-21,ANU/20-21/0902,Company E,Motherboard,MSI MPG X570 Gaming Edge Wifi,2,17150,18,3087,6174,40474,21-Feb,8-Feb-21,HT079,Company 20,19850,3573,7146,46846,5400,34300,6174,40474,39700,7146,46846,972
18-Jan-21,ANU/20-21/0902,Company E,Graphic Card,Gigabtye GeForce RTX 2080 Super Gaming OC 8G,2,54000,18,9720,19440,127440,21-Feb,8-Feb-21,HT079,Company 20,54000,9720,19440,127440,0,108000,19440,127440,108000,19440,127440,0
18-Jan-21,ANU/20-21/0902,Company E,Storage,"970 EVO 1TB 2.5"" SSD",2,7650,18,1377,2754,18054,21-Feb,8-Feb-21,HT079,Company 20,12500,2250,4500,29500,9700,15300,2754,18054,25000,4500,29500,1746
18-Jan-21,ANU/20-21/0902,Company E,Cabinet,Deepcool Matrexx 70,2,8000,18,1440,2880,18880,21-Feb,8-Feb-21,HT079,Company 20,12500,2250,4500,29500,9000,16000,2880,18880,25000,4500,29500,1620
18-Jan-21,ANU/20-21/0902,Company E,SMPS,Cooler Master 750W Brownz,2,5450,18,981,1962,12862,21-Feb,8-Feb-21,HT079,Company 20,6750,1215,2430,15930,2600,10900,1962,12862,13500,2430,15930,468
18-Jan-21,ANU/20-21/0902,Company E,CPU FAN,Carsair H45,2,3700,18,666,1332,8732,21-Feb,8-Feb-21,HT079,Company 20,4750,855,1710,11210,2100,7400,1332,8732,9500,1710,11210,378
18-Jan-21,ANU/20-21/0902,Company E,Display,"HP 27F Monitor 4K 27"" Display",1,29000,18,5220,5220,34220,21-Feb,8-Feb-21,HT079,Company 20,35000,6300,6300,41300,6000,29000,5220,34220,35000,6300,41300,1080
18-Jan-21,ANU/20-21/0902,Company E,Wireless Keyboard & Mouse,Logitech Wireless MK275 Combo,2,1300,18,234,468,3068,21-Feb,8-Feb-21,HT079,Company 20,1600,288,576,3776,600,2600,468,3068,3200,576,3776,108
18-Jan-21,ANU/20-21/0900,Company E,Laptop,Dell Inspiron Laptop 3501,1,44400.97,18,7992.17,7992.17,52393.14,21-Jan,18-Jan-21,HT068,Company 37,44830.51,8069.49,8069.49,52900,430,44400.97,7992.17,52393.14,44830.51,8069.49,52900,77.32
18-Jan-21,ANU/20-21/0900,Company E,Carry Case,Laptop Carry Case,1,1,18,0.18,0.18,1.18,21-Jan,18-Jan-21,HT068,Company 37,21.19,3.81,3.81,25,20,1,0.18,1.18,21.19,3.81,25,3.63
18-Jan-21,ANU/20-21/0900,Company E,Carry Case,Belkin Surcharge 6-Pin,4,975,18,175.5,702,4602,21-Jan,8-Feb-21,HT080,Company 20,1400,252,1008,6608,1700,3900,702,4602,5600,1008,6608,306
18-Jan-21,ANU/20-21/0900,Company E,Networking,D-Link 5 Meter CAT 6 Patch Cord,5,180,18,32.4,162,1062,21-Jan,8-Feb-21,HT080,Company 20,250,45,225,1475,350,900,162,1062,1250,225,1475,63
19-Jan-21,ANU/20-21/0905,Company E,UPS,Router UPS CRU12V12A,1,1775,18,319.5,319.5,2094.5,21-Jan,18-Jan-21,HT068,Company 37,1779.66,320.34,320.34,2100,5,1775,319.5,2094.5,1779.66,320.34,2100,0.84
22-Jan-21,2.02E+08,Company M,Storage,QNAP 16 Bay NAS TS-1673U-RP-16GB with Rail Kit A03-57,1,328400,18,59112,59112,387512,21-Jan,25-Jan-21,HT070,Company 20,354000,63720,63720,417720,25600,328400,59112,387512,354000,63720,417720,4608
22-Jan-21,2.02E+08,Company M,Storage,Toshiba 16TB Enterprise Hard Disk,16,32278,18,5810.04,92960.64,609408.6,21-Jan,25-Jan-21,HT070,Company 20,36150,6507,104112,682512,61952,516448,92960.64,609408.6,578400,104112,682512,11151.36
25-Jan-21,BAN/2021/049,Company I,Display,"Panasonic 43"" LH-43RM1DX",4,18000,28,5040,20160,92160,21-Jan,25-Jan-21,HT071,Company 20,25000,7000,28000,128000,28000,72000,20160,92160,100000,28000,128000,7840
25-Jan-21,BAN/2021/049,Company I,Accessories,TY-ST42PCL,4,1,28,0.28,1.12,5.12,21-Jan,25-Jan-21,HT071,Company 20,12423.06454,0,0,0,-4,4,1.12,5.12,0,0,0,-1.12
26-Jan-21,ANU/20-21/0922,Company E,Memory,Desktop Memory Module 8GB DD3 Samsung,1,2275,18,409.5,409.5,2684.5,21-Feb,2-Feb-21,HT077,Company 5,3250,585,585,3835,975,2275,409.5,2684.5,3250,585,3835,175.5
26-Jan-21,ANU/20-21/0922,Company E,Display,"HP 27F Monitor 4K 27"" Display",1,30000,18,5400,5400,35400,21-Feb,8-Feb-21,HT079,Company 20,35000,6300,6300,41300,5000,30000,5400,35400,35000,6300,41300,900
26-Jan-21,ANU/20-21/0922,Company E,Cable,D-Link CAT 6 Cable 20 Meters,1,650,18,117,117,767,21-Feb,8-Feb-21,HT080,Company 20,900,162,162,1062,250,650,117,767,900,162,1062,45
27-Jan-21,2022,Company A,Software,Microsoft Office Home & Student 2019 English POSA,1,5050,18,909,909,5959,21-Jan,27-Jan-21,HT072,Company M,5350,963,963,6313,300,5050,909,5959,5350,963,6313,54
28-Jan-21,ANU/20-21/0932,Company E,Toner,Toner Service,1,300,18,54,54,354,21-Jan,28-Jan-21,HT073,Company 23,1500,270,270,1770,1200,300,54,354,1500,270,1770,216
28-Jan-21,ANU/20-21/0932,Company E,UPS,V-Guard UPS 600VA,2,2000,18,360,720,4720,21-Jan,29-Jan-21,HT075,Company 39,2750,495,990,6490,1500,4000,720,4720,5500,990,6490,270
28-Jan-21,ANU/20-21/0932,Company E,Networking,RJ 45 Coupler,1,25,18,4.5,4.5,29.5,21-Feb,8-Feb-21,HT080,Company 20,50,9,9,59,25,25,4.5,29.5,50,9,59,4.5
28-Jan-21,ANU/20-21/0932,Company E,Storage,Laptop Hard Disk Drive 500 GB,1,1550,18,279,279,1829,21-Jan,28-Jan-21,HT076,Company 12,2650,477,477,3127,1100,1550,279,1829,2650,477,3127,198
28-Jan-21,IKC/2020-21/242,Company C,Storage,Laptop Hard Disk Drive 500 GB,1,1600,18,288,288,1888,21-Jan,29-Jan-21,HT074,Company 10,2200,396,396,2596,600,1600,288,1888,2200,396,2596,108
28-Jan-21,IKC/2020-21/242,Company C,Service,Laptop Repair Charges Dell Latitude 3540 Job Code 0245,1,1450,18,261,261,1711,21-Jan,29-Jan-21,HT074,Company 10,1600,288,288,1888,150,1450,261,1711,1600,288,1888,27
28-Jan-21,IKC/2020-21/242,Company C,Service,Installation,1,10936.1,18,0,0,0,21-Jan,29-Jan-21,HT074,Company 10,750,135,135,885,750,0,0,0,750,135,885,135
28-Jan-21,IKC/2020-21/242,Company C,Service,Laptop Repair Charges Lenovo L460 Job Code 0244,1,2600,18,468,468,3068,21-Feb,17-Feb-21,HT086,Company 4,3250,585,585,3835,650,2600,468,3068,3250,585,3835,117
1-Feb-21,IKC/2020-21/248,Company C,Service,Laptop Service Dell Inspiron 15 Job Code 0289,1,1000,18,180,180,1180,21-Feb,2-Feb-21,HT077,Company 5,2500,450,450,2950,1500,1000,180,1180,2500,450,2950,270
3-Feb-21,IKC/2020-21/251,Company C,Service,Laptop Repair Charges Lenovo T450 Passwoerd Removal and KeyBoard Replacement Job Code 0305,1,2100,18,378,378,2478,21-Feb,17-Feb-21,HT086,Company 4,2750,495,495,3245,650,2100,378,2478,2750,495,3245,117
5-Feb-21,ANU/20-21/0965,Company E,Storage,Samsung 4TB QVO SSD,2,28300,18,5094,10188,66788,21-Feb,8-Feb-21,HT079,Company 20,40000,7200,14400,94400,23400,56600,10188,66788,80000,14400,94400,4212
5-Feb-21,ANU/20-21/0965,Company E,Cable,Cable HDMI to DP,2,250,18,45,90,590,21-Feb,8-Feb-21,HT080,Company 20,1150,207,414,2714,1800,500,90,590,2300,414,2714,324
10-Feb-21,20210794,Company B,Printer,TVS LP â€“ 46 LITE Barcode Label Printer,4,10450,18,1881,7524,49324,21-Feb,19-Feb-21,HT087,Company 2,12600,2268,9072,59472,8600,41800,7524,49324,50400,9072,59472,1548
10-Feb-21,20210794,Company B,Printer,TVS LP â€“ 46 LITE Barcode Label Printer,1,10450,18,1881,1881,12331,21-Mar,18-Mar-21,HT102,Company 2,12600,2268,2268,14868,2150,10450,1881,12331,12600,2268,14868,387
11-Feb-21,2020-21/FS/00547,Company B,Service,Fuser Assembly HP P1006 Laserjet Printer,1,1200,18,216,216,1416,21-Feb,11-Feb-21,HT081,Company 5,2500,450,450,2950,1300,1200,216,1416,2500,450,2950,234
11-Feb-21,ANU/20-21/0995,Company E,Toner,Canon Catridge 925,1,2400,18,432,432,2832,21-Feb,12-Feb-21,HT082,Company 23,4000,720,720,4720,1600,2400,432,2832,4000,720,4720,288
11-Feb-21,ANU/20-21/0996,Company E,Printer,Epson Printer L3150 P/S/C/W,1,10950,18,1971,1971,12921,21-Feb,12-Feb-21,HT083,Company 42,11949.15,2150.85,2150.85,14100,999,10950,1971,12921,11949.15,2150.85,14100,179.85
15-Feb-21,ANU/20-21/01018,Company E,Keyboard,Laptop Lenovo L460 KeyBoard,1,1825,18,328.5,328.5,2153.5,21-Feb,17-Feb-21,HT086,Company 4,2250,405,405,2655,425,1825,328.5,2153.5,2250,405,2655,76.5
15-Feb-21,ANU/20-21/01018,Company E,Software,Kaspersky Internet Security,1,300,18,54,54,354,21-Feb,1-Mar-21,HT092,Company 5,700,126,126,826,400,300,54,354,700,126,826,72
15-Feb-21,ANU/20-21/01018,Company E,Software,Kaspersky Internet Security,1,300,18,54,54,354,21-Mar,4-Mar-21,HT095,Company 5,700,126,126,826,400,300,54,354,700,126,826,72
16-Feb-21,ANU/20-21/01024,Company E,Software,Microsoft Office Home & Business 2019 English POSA,1,13650,18,2457,2457,16107,21-Feb,16-Feb-21,HT084,Company M,14700,2646,2646,17346,1050,13650,2457,16107,14700,2646,17346,189
17-Feb-21,5093/202021,Company L,Laptop,HP NoteBook 14-DH1179TU,2,51581.35,18,9284.64,18569.29,121732,21-Feb,17-Feb-21,HT085,Company H,54652.54,9837.46,19674.91,128980,6142,103162.7,18569.29,121732,109305.1,19674.91,128980,1105.63
17-Feb-21,5093/202021,Company L,Carry Case,HP Trendsetter Bag Pack,2,1300,18,234,468,3068,21-Feb,17-Feb-21,HT085,Company H,1500,270,540,3540,400,2600,468,3068,3000,540,3540,72
17-Feb-21,5093/202021,Company L,Laptop,HP NoteBook 15S-DU3032TU,1,44115.26,18,7940.75,7940.75,52056.01,21-Feb,17-Feb-21,HT085,Company H,45533.9,8196.1,8196.1,53730,1419,44115.26,7940.75,52056.01,45533.9,8196.1,53730,255.36
17-Feb-21,5093/202021,Company L,Carry Case,HP BackPack - G,1,800,18,144,144,944,21-Feb,17-Feb-21,HT085,Company H,1000,180,180,1180,200,800,144,944,1000,180,1180,36
17-Feb-21,ANU/20-21/01029,Company E,Carry Case,HP Laptop Carry Case,3,410,18,73.8,221.4,1451.4,21-Feb,17-Feb-21,HT085,Company H,500,90,270,1770,270,1230,221.4,1451.4,1500,270,1770,48.6
17-Feb-21,ANU/20-21/01029,Company E,Adapter,Lenovo Adapter,1,1375,18,247.5,247.5,1622.5,21-Feb,17-Feb-21,HT086,Company 4,1750,315,315,2065,375,1375,247.5,1622.5,1750,315,2065,67.5
19-Feb-21,2.02E+08,Company M,Server,Dell Server Power Edge T340,1,138478,18,24926.04,24926.04,163404,21-Feb,22-Feb-21,HT089,Company H,152358,27424.44,27424.44,179782.4,13880,138478,24926.04,163404,152358,27424.44,179782.4,2498.4
19-Feb-21,2.02E+08,Company M,Monitor,Dell 20 Monitor - E2016HV,1,5778,18,1040.04,1040.04,6818.04,21-Feb,22-Feb-21,HT089,Company H,6000,1080,1080,7080,222,5778,1040.04,6818.04,6000,1080,7080,39.96
20-Feb-21,ANU/20-21/01040,Company E,Printer,Epson Printer L3150 P/S/C/W,1,10950,18,1971,1971,12921,21-Feb,20-Feb-21,HT088,Company 43,11949.15,2150.85,2150.85,14100,999,10950,1971,12921,11949.15,2150.85,14100,179.85
22-Feb-21,CR/6963,Company R,Accessories,Cloth Banner Plain 6x9,54,15,12,1.8,97.2,907.2,21-Feb,22-Feb-21,HT089,Company H,15,1.8,97.2,907.2,0,810,97.2,907.2,810,97.2,907.2,0
22-Feb-21,CR/6963,Company R,Accessories,Eyelits,10,1,12,0.12,1.2,11.2,21-Feb,22-Feb-21,HT089,Company H,1.28,0.15,1.54,14.36,3,10,1.2,11.2,12.82,1.54,14.36,0.34
22-Feb-21,2020-21/FS/00576,Company B,Printer,Gear Unite of HP 1018 / 1020,1,1200,18,216,216,1416,21-Feb,1-Mar-21,HT092,Company 5,2400,432,432,2832,1200,1200,216,1416,2400,432,2832,216
22-Feb-21,2020-21/FS/00576,Company B,Toner,Toner 12A,1,600,18,108,108,708,21-Feb,1-Mar-21,HT092,Company 5,900,162,162,1062,300,600,108,708,900,162,1062,54
23-Feb-21,ANU/20-21/01046,Company E,Carry Case,HP Laptop Carry Case,3,410,18,73.8,221.4,1451.4,21-Feb,23-Feb-21,HT090,Company H,500,90,270,1770,270,1230,221.4,1451.4,1500,270,1770,48.6
23-Feb-21,5183/202021,Company L,Laptop,HP NoteBook 14-DH1179TU,3,51877.96,18,9338.03,28014.1,183648,21-Feb,23-Feb-21,HT090,Company H,54652.54,9837.46,29512.37,193470,8324,155633.9,28014.1,183648,163957.6,29512.37,193470,1498.27
23-Feb-21,5183/202021,Company L,Carry Case,HP Trendsetter Bag Pack,3,1300,18,234,702,4602,21-Feb,23-Feb-21,HT090,Company H,1500,270,810,5310,600,3900,702,4602,4500,810,5310,108
23-Feb-21,2020-21/FS/00585,Company B,Printer,Image Scanner of HP 1020,1,1200,18,216,216,1416,21-Feb,1-Mar-21,HT092,Company 5,2400,432,432,2832,1200,1200,216,1416,2400,432,2832,216
25-Feb-21,5223/202021,Company L,Printer,HP Laserjet Pro M226DW,1,23000,18,4140,4140,27140,21-Mar,1-Mar-21,HT093,Company H,24750,4455,4455,29205,1750,23000,4140,27140,24750,4455,29205,315
26-Feb-21,ANU/20-21/01054,Company E,Software,Microsoft Office Home & Business 2019 English POSA,1,13650,18,2457,2457,16107,21-Feb,26-Feb-21,HT091,Company M,14700,2646,2646,17346,1050,13650,2457,16107,14700,2646,17346,189
26-Feb-21,ANU/20-21/01054,Company E,Storage,Seagate 2TB External Hard Disk Drive Backup Plus,3,4450,18,801,2403,15753,21-Mar,1-Mar-21,HT093,Company H,4788.14,861.86,2585.59,16950,1014,13350,2403,15753,14364.41,2585.59,16950,182.59
26-Feb-21,ANU/20-21/01054,Company E,Storage,Sandisk 32GB Pendrive,6,325,18,58.5,351,2301,21-Mar,1-Mar-21,HT093,Company H,381.36,68.64,411.86,2700,338,1950,351,2301,2288.14,411.86,2700,60.86
26-Feb-21,ANU/20-21/01054,Company E,Laptop,Dell Inspiron Laptop 3501,1,46524,18,8374.32,8374.32,54898.32,21-Mar,1-Mar-21,HT093,Company H,48799,8783.82,8783.82,57582.82,2275,46524,8374.32,54898.32,48799,8783.82,57582.82,409.5
26-Feb-21,ANU/20-21/01054,Company E,Carry Case,Laptop Carry Case,1,0.01,18,0,0,0.01,21-Mar,1-Mar-21,HT093,Company H,1,0.18,0.18,1.18,1,0.01,0,0.01,1,0.18,1.18,0.18
26-Feb-21,ANU/20-21/01054,Company E,Adapter,Laptop Adapter for Dell Vostro 14,1,475,18,85.5,85.5,560.5,21-Mar,11-Mar-21,HT098,Company H,1750,315,315,2065,1275,475,85.5,560.5,1750,315,2065,229.5
27-Feb-21,2020-21/FS/00596,Company B,Printer,Paper PickUp Feeder Unit,1,1600,18,288,288,1888,21-Mar,1-Mar-21,HT092,Company 5,2600,468,468,3068,1000,1600,288,1888,2600,468,3068,180
27-Feb-21,2020-21/FS/00596,Company B,Printer,Exit Tray HP1136,1,250,18,45,45,295,21-Mar,1-Mar-21,HT092,Company 5,400,72,72,472,150,250,45,295,400,72,472,27
28-Feb-21,ANU/20-21/01064,Company E,Desktop,Dell Desktop 3861,1,42795.43,18,7703.18,7703.18,50498.61,21-Mar,5-Mar-21,HT095,Company 5,43000,7740,7740,50740,205,42795.43,7703.18,50498.61,43000,7740,50740,36.82
28-Feb-21,ANU/20-21/01064,Company E,Software,Microsoft Windows 10 Professional OEM,1,1,18,0.18,0.18,1.18,21-Mar,5-Mar-21,HT095,Company 5,9500,1710,1710,11210,9499,1,0.18,1.18,9500,1710,11210,1709.82
28-Feb-21,ANU/20-21/01064,Company E,Monitor,"Dell 22"" TFT Monitor",1,1,18,0.18,0.18,1.18,21-Mar,5-Mar-21,HT095,Company 5,2750,495,495,3245,2749,1,0.18,1.18,2750,495,3245,494.82
28-Feb-21,ANU/20-21/01064,Company E,Storage,64 GB PenDriv Scandisk,1,530,18,95.4,95.4,625.4,21-Mar,5-Mar-21,HT095,Company 5,650,117,117,767,120,530,95.4,625.4,650,117,767,21.6
1-Mar-21,ANU/20-21/01065,Company E,Storage,Lacie Hdd External 4TB,1,23500,18,4230,4230,27730,21-Mar,1-Mar-21,HT093,Company H,27500,4950,4950,32450,4000,23500,4230,27730,27500,4950,32450,720
3-Mar-21,2020-21/FS/00601,Company B,Printer,Paper PickUp Feeder Unit and Sensor Assy,1,1800,18,324,324,2124,21-Mar,5-Mar-21,HT095,Company 5,2750,495,495,3245,950,1800,324,2124,2750,495,3245,171
4-Mar-21,ANU/20-21/01080,Company E,Laptop,Dell Inspiron Laptop 3501,1,46534,18,8376.12,8376.12,54910.12,21-Mar,6-Mar-21,HT097,Company 44,46535.27,8376.35,8376.35,54911.62,1,46534,8376.12,54910.12,46535.27,8376.35,54911.62,0.23
4-Mar-21,ANU/20-21/01080,Company E,Carry Case,Laptop Carry Case,1,1,18,0.18,0.18,1.18,21-Mar,6-Mar-21,HT097,Company 44,1,0.18,0.18,1.18,0,1,0.18,1.18,1,0.18,1.18,0
4-Mar-21,ANU/20-21/01080,Company E,Mouse,Dell Wireless Mouse,1,540,18,97.2,97.2,637.2,21-Mar,6-Mar-21,HT097,Company 44,540,97.2,97.2,637.2,0,540,97.2,637.2,540,97.2,637.2,0
4-Mar-21,20210845,Company B,Scanner,Barcode Scanner C101 STAR,10,1850,18,333,3330,21830,21-Mar,4-Mar-21,HT094,Company 2,2250,405,4050,26550,4000,18500,3330,21830,22500,4050,26550,720
5-Mar-21,ANU/20-21/01084,Company E,Storage,64 GB PenDriv Scandisk,3,530,18,95.4,286.2,1876.2,21-Mar,5-Mar-21,HT095,Company 5,650,117,351,2301,360,1590,286.2,1876.2,1950,351,2301,64.8
5-Mar-21,ANU/20-21/01084,Company E,Software,Kaspersky Internet Security,2,250,18,45,90,590,21-Mar,5-Mar-21,HT095,Company 5,700,126,252,1652,900,500,90,590,1400,252,1652,162
5-Mar-21,ANU/20-21/01084,Company E,Software,Kaspersky Internet Security,1,250,18,45,45,295,21-Mar,27-Mar-21,HT105,Company 5,700,126,126,826,450,250,45,295,700,126,826,81
5-Mar-21,ANU/20-21/01084,Company E,Mouse,Dell USB Mouse,1,210,18,37.8,37.8,247.8,21-Mar,5-Mar-21,HT096,Company 5,300,54,54,354,90,210,37.8,247.8,300,54,354,16.2
5-Mar-21,ANU/20-21/01084,Company E,UPS,V-Guard UPS 600VA,1,2000,18,360,360,2360,21-Mar,5-Mar-21,HT096,Company 5,2750,495,495,3245,750,2000,360,2360,2750,495,3245,135
5-Mar-21,ANU/20-21/01084,Company E,Memory,Hynix 8GB Laptop Memory Module DDR3 PC3L,1,2350,18,423,423,2773,21-Mar,11-Mar-21,HT098,Company H,2500,450,450,2950,150,2350,423,2773,2500,450,2950,27
5-Mar-21,ANU/20-21/01084,Company E,Adapter,Dell Original Adapter 65W,1,950,18,171,171,1121,21-Mar,11-Mar-21,HT098,Company H,1750,315,315,2065,800,950,171,1121,1750,315,2065,144
9-Mar-21,BAN/2021/057,Company I,Display,"Panasonic 43"" LH-43RM1DX",1,18600,28,5208,5208,23808,21-Mar,26-Mar-21,HT106,Company H,22656.24,6343.75,6343.75,28999.99,4056,18600,5208,23808,22656.24,6343.75,28999.99,1135.75
9-Mar-21,BAN/2021/057,Company I,Accessories,TY-ST42PCL,1,0.01,28,0,0,0.01,21-Mar,26-Mar-21,HT106,Company H,0.01,0,0,0.01,0,0.01,0,0.01,0.01,0,0.01,0
10-Mar-21,2020-21/FS/00617,Company B,Printer,Paper PickUp Feeder Unit,1,1200,18,216,216,1416,21-Mar,11-Mar-21,HT099,Company 45,1250,225,225,1475,50,1200,216,1416,1250,225,1475,9
10-Mar-21,2046,Company S,Projector,Anker Nebula Capsule Projector,2,22500,28,6300,12600,57600,21-Mar,12-Mar-21,HT101,Company H,25390.63,7109.38,14218.75,65000,5781,45000,12600,57600,50781.25,14218.75,65000,1618.75
10-Mar-21,ANU/20-21/01100,Company E,Desktop,HP Desktop,1,69000,18,12420,12420,81420,21-Mar,11-Mar-21,HT099,Company 45,77500,13950,13950,91450,8500,69000,12420,81420,77500,13950,91450,1530
10-Mar-21,ANU/20-21/01100,Company E,Monitor,HP 24Y Monitor,1,8350,18,1503,1503,9853,21-Mar,11-Mar-21,HT099,Company 45,9550,1719,1719,11269,1200,8350,1503,9853,9550,1719,11269,216
10-Mar-21,ANU/20-21/01100,Company E,Storage,Kingston 480 GB SSD Hard Disk Drive,1,4650,18,837,837,5487,21-Mar,11-Mar-21,HT099,Company 45,5750,1035,1035,6785,1100,4650,837,5487,5750,1035,6785,198
10-Mar-21,ANU/20-21/01100,Company E,Printer,Epson Printer L3150 P/S/C/W,1,10950,18,1971,1971,12921,21-Mar,11-Mar-21,HT099,Company 45,12200,2196,2196,14396,1250,10950,1971,12921,12200,2196,14396,225
10-Mar-21,ANU/20-21/01100,Company E,Keyboard,HP KeyBoard & Mouse Wireless,1,1150,18,207,207,1357,21-Mar,11-Mar-21,HT099,Company 45,1500,270,270,1770,350,1150,207,1357,1500,270,1770,63
10-Mar-21,ANU/20-21/01100,Company E,Display,"Laptop Screen TFT / LED Lenovo Ideapad 530s 14""",1,4575,18,823.5,823.5,5398.5,21-Mar,11-Mar-21,HT098,Company H,5900,1062,1062,6962,1325,4575,823.5,5398.5,5900,1062,6962,238.5
11-Mar-21,ANU/20-21/1104,Company E,Connector,UGreen USB-C Diplay Port Adapter,1,1485,18,267.3,267.3,1752.3,21-Mar,12-Mar-21,HT101,Company H,1800,324,324,2124,315,1485,267.3,1752.3,1800,324,2124,56.7
11-Mar-21,ANU/20-21/1104,Company E,Cartridge,HP 46 Black Ink Cartridge,2,675,18,121.5,243,1593,21-Mar,12-Mar-21,HT100,Company 45,800,144,288,1888,250,1350,243,1593,1600,288,1888,45
11-Mar-21,ANU/20-21/1104,Company E,Cartridge,HP 46 Tri-Color Ink Cartridge,2,675,18,121.5,243,1593,21-Mar,12-Mar-21,HT100,Company 45,750,135,270,1770,150,1350,243,1593,1500,270,1770,27
11-Mar-21,ANU/20-21/1104,Company E,Storage,Desktop Hard Disk Drive 500GB,1,1200,18,216,216,1416,21-Mar,27-Mar-21,HT105,Company 5,3500,630,630,4130,2300,1200,216,1416,3500,630,4130,414
11-Mar-21,ANU/20-21/1104,Company E,Accessories,UGreen USB-C Diplay Port Adapter,1,1485,18,267.3,267.3,1752.3,21-Mar,26-Mar-21,HT106,Company H,1800,324,324,2124,315,1485,267.3,1752.3,1800,324,2124,56.7
12-Mar-21,BAN/2021/059,Company I,Headphone,Plantronics Blackwire C3225 Headphone,1,4500,18,810,810,5310,21-Mar,12-Mar-21,HT100,Company 45,5250,945,945,6195,750,4500,810,5310,5250,945,6195,135
15-Mar-21,20210893,Company B,Printer,TVS LP â€“ 46 LITE Barcode Label Printer,1,10762.71,18,1937.29,1937.29,12700,21-Apr,22-Apr-21,HT005,Company 2,12600,2268,2268,14868,1837,10762.71,1937.29,12700,12600,2268,14868,330.71
15-Mar-21,20210893,Company B,Printer,TVS LP â€“ 46 LITE Barcode Label Printer,3,10762.71,18,1937.29,5811.86,38099.99,21-Mar,13-May-21,HT009,Company 2,12600,2268,6804,44604,5512,32288.13,5811.86,38099.99,37800,6804,44604,992.14
15-Mar-21,20210893,Company B,Printer,TVS LP â€“ 46 LITE Barcode Label Printer,1,10762.71,18,1937.29,1937.29,12700,21-Mar,25-May-21,HT010,Company 2,12600,2268,2268,14868,1837,10762.71,1937.29,12700,12600,2268,14868,330.71
18-Mar-21,ANU/20-21/1126,Company E,Processor,AMD Ryzen 3950X CPU,1,55250,18,9945,9945,65195,21-Mar,24-Mar-21,HT103,Company 20,57606.78,10369.22,10369.22,67976,2357,55250,9945,65195,57606.78,10369.22,67976,424.22
18-Mar-21,ANU/20-21/1126,Company E,Memory,HyperX 32 GB DDR4 3200 MHz Module,4,12300,18,2214,8856,58056,21-Mar,24-Mar-21,HT103,Company 20,13000,2340,9360,61360,2800,49200,8856,58056,52000,9360,61360,504
18-Mar-21,ANU/20-21/1126,Company E,Motherboard,MSI MPG X570 Gaming Edge Wifi,1,17250,18,3105,3105,20355,21-Mar,24-Mar-21,HT103,Company 20,21000,3780,3780,24780,3750,17250,3105,20355,21000,3780,24780,675
18-Mar-21,ANU/20-21/1126,Company E,Graphic Card,Gigabtye GeForce RTX 2080 Super Gaming OC 8G,1,71000,18,12780,12780,83780,21-Mar,24-Mar-21,HT103,Company 20,75000,13500,13500,88500,4000,71000,12780,83780,75000,13500,88500,720
18-Mar-21,ANU/20-21/1126,Company E,Storage,"980 EVO 1TB 2.5"" SSD",1,9650,18,1737,1737,11387,21-Mar,24-Mar-21,HT103,Company 20,13500,2430,2430,15930,3850,9650,1737,11387,13500,2430,15930,693
18-Mar-21,ANU/20-21/1126,Company E,Cabinet,Deepcool Matrexx 70,1,8000,18,1440,1440,9440,21-Mar,24-Mar-21,HT103,Company 20,13000,2340,2340,15340,5000,8000,1440,9440,13000,2340,15340,900
18-Mar-21,ANU/20-21/1126,Company E,SMPS,Cooler Master 750W Brownz,1,5650,18,1017,1017,6667,21-Mar,24-Mar-21,HT103,Company 20,7000,1260,1260,8260,1350,5650,1017,6667,7000,1260,8260,243
18-Mar-21,ANU/20-21/1126,Company E,CPU FAN,Carsair H45,1,3950,18,711,711,4661,21-Mar,24-Mar-21,HT103,Company 20,5000,900,900,5900,1050,3950,711,4661,5000,900,5900,189
18-Mar-21,ANU/20-21/1126,Company E,Display,"HP 27F Monitor 4K 27"" Display",1,29250,18,5265,5265,34515,21-Mar,24-Mar-21,HT103,Company 20,35000,6300,6300,41300,5750,29250,5265,34515,35000,6300,41300,1035
18-Mar-21,ANU/20-21/1126,Company E,Wireless Keyboard & Mouse,Logitech Wireless MK275 Combo,1,1350,18,243,243,1593,21-Mar,24-Mar-21,HT103,Company 20,1750,315,315,2065,400,1350,243,1593,1750,315,2065,72
18-Mar-21,ANU/20-21/1126,Company E,Storage,Samsung 4TB QVO SSD,1,27250,18,4905,4905,32155,21-Mar,24-Mar-21,HT103,Company 20,33000,5940,5940,38940,5750,27250,4905,32155,33000,5940,38940,1035
19-Mar-21,2258,Company A,Software,Microsoft Windows 10 Professional OEM,1,8900,18,1602,1602,10502,21-Mar,24-Mar-21,HT103,Company 20,11550,2079,2079,13629,2650,8900,1602,10502,11550,2079,13629,477
23-Mar-21,ANU/20-21/1132,Company E,Cable,Cable DP to HDMI Cable 3 Meters,1,250,18,45,45,295,21-Mar,24-Mar-21,HT103,Company 20,1150,207,207,1357,900,250,45,295,1150,207,1357,162
23-Mar-21,ANU/20-21/1132,Company E,Cable,Cable DP to DP,1,150,18,27,27,177,21-Mar,24-Mar-21,HT103,Company 20,1150,207,207,1357,1000,150,27,177,1150,207,1357,180
23-Mar-21,ANU/20-21/1132,Company E,Cable,D-Link CAT 6 Cable 36 Meters,20,36,18,6.48,129.6,849.6,21-Mar,24-Mar-21,HT103,Company 20,75,13.5,270,1770,780,720,129.6,849.6,1500,270,1770,140.4
23-Mar-21,ANU/20-21/1132,Company E,Carry Case,Belkin Surcharge 6-Pin,1,910,18,163.8,163.8,1073.8,21-Mar,24-Mar-21,HT103,Company 20,1400,252,252,1652,490,910,163.8,1073.8,1400,252,1652,88.2
23-Mar-21,ANU/20-21/1132,Company E,Keyboard,Dell KeyBoard USB,1,425,18,76.5,76.5,501.5,21-Mar,24-Mar-21,HT103,Company 20,500,90,90,590,75,425,76.5,501.5,500,90,590,13.5
23-Mar-21,ANU/20-21/1132,Company E,Mouse,Dell USB Mouse,1,210,18,37.8,37.8,247.8,21-Mar,24-Mar-21,HT103,Company 20,300,54,54,354,90,210,37.8,247.8,300,54,354,16.2
23-Mar-21,ANU/20-21/1132,Company E,Storage,64 GB PenDriv Scandisk,2,530,18,95.4,190.8,1250.8,21-Mar,26-Mar-21,HT106,Company H,700,126,252,1652,340,1060,190.8,1250.8,1400,252,1652,61.2
23-Mar-21,ANU/20-21/1132,Company E,Storage,128 GB PenDriv Scandisk,2,1050,18,189,378,2478,21-Mar,26-Mar-21,HT106,Company H,1300,234,468,3068,500,2100,378,2478,2600,468,3068,90
26-Mar-21,BAN/2021/065,Company I,Webcamera,Logitech BCC950 Camera,1,16600,18,2988,2988,19588,21-Mar,26-Mar-21,HT106,Company H,18850,3393,3393,22243,2250,16600,2988,19588,18850,3393,22243,405
26-Mar-21,BAN/2021/066,Company I,Display,"Panasonic 43"" LH-43HX1DX",1,27000,28,7560,7560,34560,21-Mar,26-Mar-21,HT104,Company 20,37400,10472,10472,47872,10400,27000,7560,34560,37400,10472,47872,2912
26-Mar-21,2020-21/FS/00654,Company B,Accessories,Paper Input Tray,1,550,18,99,99,649,21-Mar,27-Mar-21,HT105,Company 5,900,162,162,1062,350,550,99,649,900,162,1062,63
,,Company E,Service,Printer Service HP Laserjet P1007,1,10936.1,18,0,0,0,21-Mar,27-Mar-21,HT105,Company 5,2750,495,495,3245,2750,0,0,0,2750,495,3245,495
,,Company E,Service,Service,1,10936.1,18,0,0,0,21-Mar,27-Mar-21,HT105,Company 5,2500,450,450,2950,2500,0,0,0,2500,450,2950,450
30-Mar-21,ANU/20-21/1156,Company E,Keyboard,Dell KeyBoard USB,1,375,18,67.5,67.5,442.5,21-Mar,30-Mar-21,HT107,Company 5,500,90,90,590,125,375,67.5,442.5,500,90,590,22.5
30-Mar-21,ANU/20-21/1156,Company E,Mouse,Dell USB Mouse,3,210,18,37.8,113.4,743.4,21-Mar,30-Mar-21,HT107,Company 5,300,54,162,1062,270,630,113.4,743.4,900,162,1062,48.6
30-Mar-21,ANU/20-21/1156,Company E,Accessories,HDD Casing,8,125,18,22.5,180,1180,21-Mar,30-Mar-21,HT108,Company H,300,54,432,2832,1400,1000,180,1180,2400,432,2832,252
30-Mar-21,ANU/20-21/1156,Company E,Storage,Seagate 2TB External Hard Disk Drive Backup Plus,3,4400,18,792,2376,15576,21-Mar,30-Mar-21,HT108,Company H,4788.14,861.86,2585.59,16950,1164,13200,2376,15576,14364.41,2585.59,16950,209.59
30-Mar-21,ANU/20-21/1156,Company E,Storage,Sandisk 32GB Pendrive,8,315,18,56.7,453.6,2973.6,21-Mar,30-Mar-21,HT108,Company H,381.36,68.64,549.15,3600,531,2520,453.6,2973.6,3050.85,549.15,3600,95.55
31-Mar-21,ANU/20-21/1161,Company E,Memory,Laptop Memory 8GB DDR3 1600 MHz Kingston,1,2550,18,459,459,3009,21-Mar,31-Mar-21,HT109,Company 46,2550.85,459.15,459.15,3010,1,2550,459,3009,2550.85,459.15,3010,0.15
31-Mar-21,IKC/2020-21/361,Company C,Screen,Laptop Screen for Lenovo G580 Job Code 977,1,3250,18,585,585,3835,21-Mar,31-Mar-21,HT110,Company H,4250,765,765,5015,1000,3250,585,3835,4250,765,5015,180
31-Mar-21,IKC/2020-21/361,Company C,Speaker,Lenovo G580 Speaker Job Code 977,1,650,18,117,117,767,21-Mar,31-Mar-21,HT110,Company H,1250,225,225,1475,600,650,117,767,1250,225,1475,108
31-Mar-21,IKC/2020-21/361,Company C,Service Charges Job Code 977,Lenovo G580 Repair Charges Job Code 977,1,800,18,144,144,944,21-Mar,31-Mar-21,HT110,Company H,1250,225,225,1475,450,800,144,944,1250,225,1475,81
31-Mar-21,IKC/2020-21/361,Company C,Service Charges Job Code 9778,Dell 3521 Repair Charges Job Code 978,1,2300,18,414,414,2714,21-Mar,31-Mar-21,HT110,Company H,3500,630,630,4130,1200,2300,414,2714,3500,630,4130,216
31-Mar-21,IKC/2020-21/361,Company C,Service Charges Job Code 979,Lenovo G50-80 Laptop Repair Charges Job Code 979,1,800,18,144,144,944,21-Mar,31-Mar-21,HT110,Company H,1250,225,225,1475,450,800,144,944,1250,225,1475,81
31-Mar-21,IKC/2020-21/361,Company C,Memory,Laptop Memory Module 4GB Job Code 978,1,1400,18,252,252,1652,21-Mar,31-Mar-21,HT110,Company H,1800,324,324,2124,400,1400,252,1652,1800,324,2124,72
31-Mar-21,IKC/2020-21/361,Company C,,Service Charges,1,10936.1,18,0,0,0,21-Mar,31-Mar-21,HT110,Company H,1750,315,315,2065,1750,0,0,0,1750,315,2065,315
